sqrt_min,min,area,penetration
1.414213562,2,0.121703854,0.344827586
1.414213562,2,0.115340254,0.344827586
1.414213562,2,0.116099071,0.344827586
1.414213562,2,0.077639752,0.229885057
1.414213562,2,0.195694716,0.574712644
1.414213562,2,0.13185654,0.344827586
2.236067977,5,0.162271805,0.459770115
2.236067977,5,0.153787005,0.459770115
2.236067977,5,0.155279503,0.459770115
2.236067977,5,0.273972603,0.804597701
2.236067977,5,0.17580872,0.459770115
3.16227766,10,0.202839757,0.574712644
3.16227766,10,0.230680507,0.689655172
3.16227766,10,0.270897833,0.804597701
3.16227766,10,0.194099379,0.574712644
3.16227766,10,0.391389432,1.149425287
3.16227766,10,0.26371308,0.689655172
3.872983346,15,0.269127259,0.804597701
3.872983346,15,0.348297214,1.034482759
3.872983346,15,0.27173913,0.804597701
3.872983346,15,0.508806262,1.494252874
3.872983346,15,0.30766526,0.804597701
4.472135955,20,0.283975659,0.804597701
4.472135955,20,0.30757401,0.91954023
4.472135955,20,0.386996904,1.149425287
4.472135955,20,0.310559006,0.91954023
4.472135955,20,0.30766526,0.804597701
5.477225575,30,0.365111562,1.034482759
5.477225575,30,0.346020761,1.034482759
5.477225575,30,0.464396285,1.379310345
5.477225575,30,0.349378882,1.034482759
5.477225575,30,0.626223092,1.83908046
5.477225575,30,0.39556962,1.034482759
6.708203932,45,0.405679513,1.149425287
6.708203932,45,0.422914264,1.264367816
6.708203932,45,0.427018634,1.264367816
6.708203932,45,0.704500978,2.068965517
6.708203932,45,0.4395218,1.149425287
7.745966692,60,0.446247465,1.264367816
7.745966692,60,0.461361015,1.379310345
7.745966692,60,0.619195046,1.83908046
7.745966692,60,0.465838509,1.379310345
7.745966692,60,0.704500978,2.068965517
7.745966692,60,0.48347398,1.264367816
8.660254038,75,0.499807766,1.494252874
8.660254038,75,0.696594427,2.068965517
8.660254038,75,0.504658385,1.494252874
8.660254038,75,0.743639922,2.183908046
8.660254038,75,0.52742616,1.379310345
9.486832981,90,0.527383367,1.494252874
9.486832981,90,0.538254517,1.609195402
9.486832981,90,0.735294118,2.183908046
9.486832981,90,0.543478261,1.609195402
9.486832981,90,0.57137834,1.494252874
10.95445115,120,0.567951318,1.609195402
10.95445115,120,0.576701269,1.724137931
10.95445115,120,0.812693498,2.413793103
10.95445115,120,0.621118012,1.83908046
10.95445115,120,0.861056751,2.528735632
10.95445115,120,0.61533052,1.609195402
12.24744871,150,0.649087221,1.83908046
12.24744871,150,0.61514802,1.83908046
12.24744871,150,0.659937888,1.954022989
12.24744871,150,0.900195695,2.643678161
12.24744871,150,0.6592827,1.724137931
13.41640786,180,0.730223124,2.068965517
13.41640786,180,0.692041522,2.068965517
13.41640786,180,0.890092879,2.643678161
13.41640786,180,0.698757764,2.068965517
13.41640786,180,0.900195695,2.643678161
13.41640786,180,0.70323488,1.83908046
15.49193338,240,0.807381776,2.413793103
15.49193338,240,0.890092879,2.643678161
15.49193338,240,0.73757764,2.183908046
15.49193338,240,0.900195695,2.643678161
15.49193338,240,0.74718706,1.954022989
18.97366596,360,0.93306288,2.643678161
18.97366596,360,0.884275279,2.643678161
18.97366596,360,0.92879257,2.75862069
18.97366596,360,0.815217391,2.413793103
18.97366596,360,0.791139241,2.068965517
37.94733192,1440,0.973630832,2.75862069
37.94733192,1440,0.999615532,2.988505747
37.94733192,1440,0.96749226,2.873563218
37.94733192,1440,0.970496894,2.873563218
37.94733192,1440,0.978473581,2.873563218
37.94733192,1440,0.966947961,2.528735632
1.414213562,2,0.050813,0.105263158
1.414213562,2,0.0457875,0.105263158
1.414213562,2,0.0456621,0.105263158
1.414213562,2,0.0373483,0.105263158
1.414213562,2,0.087108,0.210526316
2.236067977,5,0.050813,0.105263158
2.236067977,5,0.0915751,0.210526316
2.236067977,5,0.0771605,0.210526316
2.236067977,5,0.0913242,0.210526316
2.236067977,5,0.0746965,0.210526316
2.236067977,5,0.087108,0.210526316
3.16227766,10,0.1373626,0.315789474
3.16227766,10,0.1157407,0.315789474
3.16227766,10,0.1369863,0.315789474
3.16227766,10,0.1120448,0.315789474
3.16227766,10,0.130662,0.315789474
3.872983346,15,0.101626,0.210526316
3.872983346,15,0.1373626,0.315789474
3.872983346,15,0.154321,0.421052632
3.872983346,15,0.1826484,0.421052632
3.872983346,15,0.174216,0.421052632
4.472135955,20,0.152439,0.315789474
4.472135955,20,0.1373626,0.315789474
4.472135955,20,0.1929012,0.526315789
4.472135955,20,0.2283105,0.526315789
4.472135955,20,0.1493931,0.421052632
4.472135955,20,0.174216,0.421052632
5.477225575,30,0.152439,0.315789474
5.477225575,30,0.2289377,0.526315789
5.477225575,30,0.2283105,0.526315789
5.477225575,30,0.1493931,0.421052632
5.477225575,30,0.21777,0.526315789
6.708203932,45,0.203252,0.421052632
6.708203932,45,0.2289377,0.526315789
6.708203932,45,0.2314815,0.631578947
6.708203932,45,0.2739726,0.631578947
6.708203932,45,0.1867414,0.526315789
6.708203932,45,0.261324,0.631578947
7.745966692,60,0.2747253,0.631578947
7.745966692,60,0.2700617,0.736842105
7.745966692,60,0.3196347,0.736842105
7.745966692,60,0.2240896,0.631578947
7.745966692,60,0.304878,0.736842105
8.660254038,75,0.254065,0.526315789
8.660254038,75,0.3205128,0.736842105
8.660254038,75,0.308642,0.842105263
8.660254038,75,0.3652968,0.842105263
8.660254038,75,0.304878,0.736842105
9.486832981,90,0.304878,0.631578947
9.486832981,90,0.3205128,0.736842105
9.486832981,90,0.308642,0.842105263
9.486832981,90,0.3652968,0.842105263
9.486832981,90,0.2240896,0.631578947
9.486832981,90,0.3484321,0.842105263
10.95445115,120,0.304878,0.631578947
10.95445115,120,0.3663004,0.842105263
10.95445115,120,0.4109589,0.947368421
10.95445115,120,0.2614379,0.736842105
10.95445115,120,0.3919861,0.947368421
12.24744871,150,0.3556911,0.736842105
12.24744871,150,0.4120879,0.947368421
12.24744871,150,0.3858025,1.052631579
12.24744871,150,0.456621,1.052631579
12.24744871,150,0.2987862,0.842105263
12.24744871,150,0.3919861,0.947368421
13.41640786,180,0.4578755,1.052631579
13.41640786,180,0.4243827,1.157894737
13.41640786,180,0.5022831,1.157894737
13.41640786,180,0.2987862,0.842105263
13.41640786,180,0.3919861,0.947368421
15.49193338,240,0.4573171,0.947368421
15.49193338,240,0.503663,1.157894737
15.49193338,240,0.462963,1.263157895
15.49193338,240,0.5479452,1.263157895
15.49193338,240,0.4790941,1.157894737
18.97366596,360,0.5589431,1.157894737
18.97366596,360,0.5952381,1.368421053
18.97366596,360,0.5401235,1.473684211
18.97366596,360,0.5936073,1.368421053
18.97366596,360,0.3734827,1.052631579
18.97366596,360,0.5662021,1.368421053
37.94733192,1440,0.8638211,1.789473684
37.94733192,1440,0.9157509,2.105263158
37.94733192,1440,0.8219178,1.894736842
37.94733192,1440,0.7469655,2.105263158
37.94733192,1440,0.8275261,2
1.414213562,2,0.064935065,0.114942529
1.414213562,2,0.059808612,0.114942529
1.414213562,2,0.060606061,0.114942529
1.414213562,2,0,0
1.414213562,2,0.054112554,0.114942529
1.414213562,2,0.058275058,0.114942529
2.236067977,5,0.059808612,0.114942529
2.236067977,5,0.060606061,0.114942529
2.236067977,5,0.058275058,0.114942529
2.236067977,5,0.054112554,0.114942529
2.236067977,5,0.058275058,0.114942529
3.16227766,10,0.064935065,0.114942529
3.16227766,10,0.059808612,0.114942529
3.16227766,10,0.060606061,0.114942529
3.16227766,10,0.058275058,0.114942529
3.16227766,10,0.058275058,0.114942529
3.872983346,15,0.064935065,0.114942529
3.872983346,15,0.059808612,0.114942529
3.872983346,15,0.060606061,0.114942529
3.872983346,15,0.058275058,0.114942529
3.872983346,15,0.108225108,0.229885057
3.872983346,15,0.116550117,0.229885057
4.472135955,20,0.064935065,0.114942529
4.472135955,20,0.119617225,0.229885057
4.472135955,20,0.058275058,0.114942529
4.472135955,20,0.108225108,0.229885057
4.472135955,20,0.116550117,0.229885057
5.477225575,30,0.064935065,0.114942529
5.477225575,30,0.119617225,0.229885057
5.477225575,30,0.121212121,0.229885057
5.477225575,30,0.058275058,0.114942529
5.477225575,30,0.108225108,0.229885057
5.477225575,30,0.116550117,0.229885057
6.708203932,45,0.119617225,0.229885057
6.708203932,45,0.121212121,0.229885057
6.708203932,45,0.116550117,0.229885057
6.708203932,45,0.108225108,0.229885057
6.708203932,45,0.116550117,0.229885057
7.745966692,60,0.12987013,0.229885057
7.745966692,60,0.119617225,0.229885057
7.745966692,60,0.181818182,0.344827586
7.745966692,60,0.116550117,0.229885057
7.745966692,60,0.116550117,0.229885057
8.660254038,75,0.12987013,0.229885057
8.660254038,75,0.119617225,0.229885057
8.660254038,75,0.181818182,0.344827586
8.660254038,75,0.116550117,0.229885057
8.660254038,75,0.216450216,0.459770115
8.660254038,75,0.174825175,0.344827586
9.486832981,90,0.12987013,0.229885057
9.486832981,90,0.179425837,0.344827586
9.486832981,90,0.116550117,0.229885057
9.486832981,90,0.216450216,0.459770115
9.486832981,90,0.174825175,0.344827586
10.95445115,120,0.194805195,0.344827586
10.95445115,120,0.23923445,0.459770115
10.95445115,120,0.181818182,0.344827586
10.95445115,120,0.116550117,0.229885057
10.95445115,120,0.216450216,0.459770115
10.95445115,120,0.174825175,0.344827586
12.24744871,150,0.23923445,0.459770115
12.24744871,150,0.242424242,0.459770115
12.24744871,150,0.174825175,0.344827586
12.24744871,150,0.216450216,0.459770115
12.24744871,150,0.233100233,0.459770115
13.41640786,180,0.194805195,0.344827586
13.41640786,180,0.23923445,0.459770115
13.41640786,180,0.242424242,0.459770115
13.41640786,180,0.174825175,0.344827586
13.41640786,180,0.291375291,0.574712644
15.49193338,240,0.25974026,0.459770115
15.49193338,240,0.299043062,0.574712644
15.49193338,240,0.303030303,0.574712644
15.49193338,240,0.233100233,0.459770115
15.49193338,240,0.270562771,0.574712644
15.49193338,240,0.291375291,0.574712644
18.97366596,360,0.324675325,0.574712644
18.97366596,360,0.358851675,0.689655172
18.97366596,360,0.291375291,0.574712644
18.97366596,360,0.324675325,0.689655172
18.97366596,360,0.291375291,0.574712644
37.94733192,1440,0.584415584,1.034482759
37.94733192,1440,0.598086124,1.149425287
37.94733192,1440,0.545454545,1.034482759
37.94733192,1440,0.582750583,1.149425287
37.94733192,1440,0.595238095,1.264367816
37.94733192,1440,0.582750583,1.149425287
1.414213562,2,0.2000027,0.581395349
1.414213562,2,0.1785718,0.581395349
1.414213562,2,0.1481481,0.465116279
1.414213562,2,0.1851852,0.581395349
1.414213562,2,0.2,0.581395349
2.236067977,5,0.3214321,1.046511628
2.236067977,5,0.2800038,0.813953488
2.236067977,5,0.2857149,0.930232558
2.236067977,5,0.2222222,0.697674419
2.236067977,5,0.32,0.930232558
3.16227766,10,0.4285762,1.395348837
3.16227766,10,0.3600049,1.046511628
3.16227766,10,0.4285723,1.395348837
3.16227766,10,0.3333333,1.046511628
3.16227766,10,0.3333333,1.046511628
3.16227766,10,0.4,1.162790698
3.872983346,15,0.5357202,1.744186047
3.872983346,15,0.440006,1.279069767
3.872983346,15,0.3703704,1.162790698
3.872983346,15,0.4074074,1.279069767
3.872983346,15,0.48,1.395348837
4.472135955,20,0.6071496,1.976744186
4.472135955,20,0.5200071,1.511627907
4.472135955,20,0.5714298,1.860465116
4.472135955,20,0.4444444,1.395348837
4.472135955,20,0.4444444,1.395348837
4.472135955,20,0.52,1.511627907
5.477225575,30,0.6400087,1.860465116
5.477225575,30,0.7142872,2.325581395
5.477225575,30,0.5185185,1.627906977
5.477225575,30,0.5185185,1.627906977
5.477225575,30,0.64,1.860465116
6.708203932,45,0.892867,2.906976744
6.708203932,45,0.8000109,2.325581395
6.708203932,45,0.8571447,2.790697674
6.708203932,45,0.6296296,1.976744186
6.708203932,45,0.76,2.209302326
7.745966692,60,0.9642964,3.139534884
7.745966692,60,0.9200125,2.674418605
7.745966692,60,0.9285734,3.023255814
7.745966692,60,0.7407407,2.325581395
7.745966692,60,0.7777778,2.441860465
7.745966692,60,0.88,2.558139535
8.660254038,75,0.9642964,3.139534884
8.660254038,75,0.9600131,2.790697674
8.660254038,75,0.8518519,2.674418605
8.660254038,75,0.8518519,2.674418605
8.660254038,75,0.92,2.674418605
9.486832981,90,0.9642964,3.139534884
9.486832981,90,0.9600131,2.790697674
9.486832981,90,0.9642878,3.139534884
9.486832981,90,0.9259259,2.906976744
9.486832981,90,0.9259259,2.906976744
9.486832981,90,0.96,2.790697674
10.95445115,120,0.9600131,2.790697674
10.95445115,120,0.9642878,3.139534884
10.95445115,120,0.962963,3.023255814
10.95445115,120,0.9259259,2.906976744
10.95445115,120,0.96,2.790697674
12.24744871,150,0.9642964,3.139534884
12.24744871,150,0.9600131,2.790697674
12.24744871,150,0.9642878,3.139534884
12.24744871,150,0.962963,3.023255814
12.24744871,150,0.96,2.790697674
13.41640786,180,0.9642964,3.139534884
13.41640786,180,0.9600131,2.790697674
13.41640786,180,0.9642878,3.139534884
13.41640786,180,0.962963,3.023255814
13.41640786,180,0.962963,3.023255814
13.41640786,180,0.96,2.790697674
15.49193338,240,0.9642964,3.139534884
15.49193338,240,0.9600131,2.790697674
15.49193338,240,0.962963,3.023255814
15.49193338,240,0.962963,3.023255814
15.49193338,240,0.96,2.790697674
18.97366596,360,0.9642964,3.139534884
18.97366596,360,0.9600131,2.790697674
18.97366596,360,0.9642878,3.139534884
18.97366596,360,0.962963,3.023255814
18.97366596,360,1,3.139534884
18.97366596,360,0.96,2.790697674
37.94733192,1440,1.0000136,2.906976744
37.94733192,1440,1.0000021,3.255813953
37.94733192,1440,1,3.139534884
37.94733192,1440,1,3.139534884
37.94733192,1440,1,2.906976744
1.414213562,2,0.137933175,0.380952381
1.414213562,2,0.166628714,0.476190476
1.414213562,2,0.161297867,0.476190476
1.414213562,2,0.166666693,0.476190476
1.414213562,2,0.137931061,0.380952381
2.236067977,5,0.241383056,0.666666667
2.236067977,5,0.2332802,0.666666667
2.236067977,5,0.225817014,0.666666667
2.236067977,5,0.266666709,0.761904762
2.236067977,5,0.166666739,0.476190476
2.236067977,5,0.172413826,0.476190476
3.16227766,10,0.310349643,0.857142857
3.16227766,10,0.299931686,0.857142857
3.16227766,10,0.366666725,1.047619048
3.16227766,10,0.266666782,0.761904762
3.16227766,10,0.241379357,0.666666667
3.872983346,15,0.379316231,1.047619048
3.872983346,15,0.399908914,1.142857143
3.872983346,15,0.354855308,1.047619048
3.872983346,15,0.466666741,1.333333333
3.872983346,15,0.30000013,0.857142857
3.872983346,15,0.310344888,0.857142857
4.472135955,20,0.433234657,1.238095238
4.472135955,20,0.419374455,1.238095238
4.472135955,20,0.533333419,1.523809524
4.472135955,20,0.366666826,1.047619048
4.472135955,20,0.344827653,0.952380952
5.477225575,30,0.482766112,1.333333333
5.477225575,30,0.533211885,1.523809524
5.477225575,30,0.483893601,1.428571429
5.477225575,30,0.633333435,1.80952381
5.477225575,30,0.448275949,1.238095238
6.708203932,45,0.586215993,1.619047619
6.708203932,45,0.633189114,1.80952381
6.708203932,45,0.580672322,1.714285714
6.708203932,45,0.766666789,2.19047619
6.708203932,45,0.533333564,1.523809524
6.708203932,45,0.551724244,1.523809524
7.745966692,60,0.689665874,1.904761905
7.745966692,60,0.733166342,2.095238095
7.745966692,60,0.833333467,2.380952381
7.745966692,60,0.633333608,1.80952381
7.745966692,60,0.620689775,1.714285714
8.660254038,75,0.758632462,2.095238095
8.660254038,75,0.799817828,2.285714286
8.660254038,75,0.741970189,2.19047619
8.660254038,75,0.900000144,2.571428571
8.660254038,75,0.700000303,2
8.660254038,75,0.689655306,1.904761905
9.486832981,90,0.866469314,2.476190476
9.486832981,90,0.806489336,2.380952381
9.486832981,90,0.933333483,2.666666667
9.486832981,90,0.766666999,2.19047619
9.486832981,90,0.758620836,2.095238095
10.95445115,120,0.896565636,2.476190476
10.95445115,120,0.9331208,2.666666667
10.95445115,120,0.871008483,2.571428571
10.95445115,120,0.933333483,2.666666667
10.95445115,120,0.862069132,2.380952381
12.24744871,150,0.93104893,2.571428571
12.24744871,150,0.9331208,2.666666667
12.24744871,150,0.903268056,2.666666667
12.24744871,150,0.933333483,2.666666667
12.24744871,150,0.90000039,2.571428571
12.24744871,150,0.931034663,2.571428571
13.41640786,180,0.93104893,2.571428571
13.41640786,180,0.9331208,2.666666667
13.41640786,180,0.933333483,2.666666667
13.41640786,180,0.933333738,2.666666667
13.41640786,180,0.931034663,2.571428571
15.49193338,240,0.965532224,2.666666667
15.49193338,240,0.9331208,2.666666667
15.49193338,240,0.93552763,2.761904762
15.49193338,240,0.966666821,2.761904762
15.49193338,240,0.933333738,2.666666667
15.49193338,240,0.965517428,2.666666667
18.97366596,360,0.9331208,2.666666667
18.97366596,360,0.967787203,2.857142857
18.97366596,360,0.966666821,2.761904762
18.97366596,360,0.966667086,2.761904762
18.97366596,360,0.965517428,2.666666667
37.94733192,1440,1.000015517,2.761904762
37.94733192,1440,0.999772285,2.857142857
37.94733192,1440,1.000046776,2.952380952
37.94733192,1440,1.00000016,2.857142857
37.94733192,1440,1.000000193,2.761904762
1.414213562,2,0.11538497,0.333333333
1.414213562,2,0.125000781,0.333333333
1.414213562,2,0.076924556,0.222222222
1.414213562,2,0.120001152,0.333333333
1.414213562,2,0.130436654,0.333333333
1.414213562,2,0.115385104,0.333333333
2.236067977,5,0.153846627,0.444444444
2.236067977,5,0.208334635,0.555555556
2.236067977,5,0.160001536,0.444444444
2.236067977,5,0.173915539,0.444444444
2.236067977,5,0.153846805,0.444444444
3.16227766,10,0.230769941,0.666666667
3.16227766,10,0.250001563,0.666666667
3.16227766,10,0.192311391,0.555555556
3.16227766,10,0.20000192,0.555555556
3.16227766,10,0.217394423,0.555555556
3.16227766,10,0.192308506,0.555555556
3.872983346,15,0.29166849,0.777777778
3.872983346,15,0.230773669,0.666666667
3.872983346,15,0.240002304,0.666666667
3.872983346,15,0.260873308,0.666666667
3.872983346,15,0.269231908,0.777777778
4.472135955,20,0.269231598,0.777777778
4.472135955,20,0.333335417,0.888888889
4.472135955,20,0.269235947,0.777777778
4.472135955,20,0.280002688,0.777777778
4.472135955,20,0.269231908,0.777777778
5.477225575,30,0.346154911,1
5.477225575,30,0.375002344,1
5.477225575,30,0.346160503,1
5.477225575,30,0.360003456,1
5.477225575,30,0.347831078,0.888888889
5.477225575,30,0.346155311,1
6.708203932,45,0.423078225,1.222222222
6.708203932,45,0.458336198,1.222222222
6.708203932,45,0.40000384,1.111111111
6.708203932,45,0.434788847,1.111111111
6.708203932,45,0.423078713,1.222222222
7.745966692,60,0.461539882,1.333333333
7.745966692,60,0.541670052,1.444444444
7.745966692,60,0.500009616,1.444444444
7.745966692,60,0.480004608,1.333333333
7.745966692,60,0.478267732,1.222222222
7.745966692,60,0.461540414,1.333333333
8.660254038,75,0.583336979,1.555555556
8.660254038,75,0.538471894,1.555555556
8.660254038,75,0.520004992,1.444444444
8.660254038,75,0.521746616,1.333333333
8.660254038,75,0.500002115,1.444444444
9.486832981,90,0.576924852,1.666666667
9.486832981,90,0.625003906,1.666666667
9.486832981,90,0.576934172,1.666666667
9.486832981,90,0.560005376,1.555555556
9.486832981,90,0.538463817,1.555555556
10.95445115,120,0.653848166,1.888888889
10.95445115,120,0.70833776,1.888888889
10.95445115,120,0.653858728,1.888888889
10.95445115,120,0.640006144,1.777777778
10.95445115,120,0.65218327,1.666666667
10.95445115,120,0.615387219,1.777777778
12.24744871,150,0.730771479,2.111111111
12.24744871,150,0.791671615,2.111111111
12.24744871,150,0.720006912,2
12.24744871,150,0.73914104,1.888888889
12.24744871,150,0.692310621,2
13.41640786,180,0.769233136,2.222222222
13.41640786,180,0.875005469,2.333333333
13.41640786,180,0.769245562,2.222222222
13.41640786,180,0.760007296,2.111111111
13.41640786,180,0.782619925,2
13.41640786,180,0.769234024,2.222222222
15.49193338,240,0.958339323,2.555555556
15.49193338,240,0.923094675,2.666666667
15.49193338,240,0.880008448,2.444444444
15.49193338,240,0.869577694,2.222222222
15.49193338,240,0.884619127,2.555555556
18.97366596,360,0.923079763,2.666666667
18.97366596,360,0.958339323,2.555555556
18.97366596,360,0.961556953,2.777777778
18.97366596,360,0.920008832,2.555555556
18.97366596,360,0.923080828,2.666666667
37.94733192,1440,1.000003077,2.888888889
37.94733192,1440,1.00000625,2.666666667
37.94733192,1440,1.000019231,2.888888889
37.94733192,1440,1.0000096,2.777777778
37.94733192,1440,1.000014348,2.555555556
37.94733192,1440,1.000004231,2.888888889
1.414213562,2,0.485720392,1.650485437
1.414213562,2,0.441184775,1.45631068
1.414213562,2,0.400000891,1.359223301
1.414213562,2,0.540549891,1.941747573
1.414213562,2,0.45714991,1.553398058
2.236067977,5,0.685722906,2.330097087
2.236067977,5,0.647071004,2.13592233
2.236067977,5,0.763160465,2.815533981
2.236067977,5,0.657144322,2.233009709
2.236067977,5,0.783797341,2.815533981
2.236067977,5,0.657152996,2.233009709
3.16227766,10,0.88236955,2.912621359
3.16227766,10,0.921055734,3.398058252
3.16227766,10,0.88571626,3.009708738
3.16227766,10,0.918934814,3.300970874
3.16227766,10,0.914299821,3.106796117
3.872983346,15,0.914297208,3.106796117
3.872983346,15,0.911781869,3.009708738
3.872983346,15,0.921055734,3.398058252
3.872983346,15,0.914287752,3.106796117
3.872983346,15,0.914299821,3.106796117
4.472135955,20,0.914297208,3.106796117
4.472135955,20,0.911781869,3.009708738
4.472135955,20,0.921055734,3.398058252
4.472135955,20,0.914287752,3.106796117
4.472135955,20,0.945962309,3.398058252
4.472135955,20,0.914299821,3.106796117
5.477225575,30,0.914297208,3.106796117
5.477225575,30,0.941194187,3.106796117
5.477225575,30,0.914287752,3.106796117
5.477225575,30,0.945962309,3.398058252
5.477225575,30,0.94287169,3.203883495
6.708203932,45,0.914297208,3.106796117
6.708203932,45,0.941194187,3.106796117
6.708203932,45,0.921055734,3.398058252
6.708203932,45,0.914287752,3.106796117
6.708203932,45,0.945962309,3.398058252
6.708203932,45,0.94287169,3.203883495
7.745966692,60,0.941194187,3.106796117
7.745966692,60,0.921055734,3.398058252
7.745966692,60,0.914287752,3.106796117
7.745966692,60,0.945962309,3.398058252
7.745966692,60,0.94287169,3.203883495
8.660254038,75,0.914297208,3.106796117
8.660254038,75,0.941194187,3.106796117
8.660254038,75,0.921055734,3.398058252
8.660254038,75,0.914287752,3.106796117
8.660254038,75,0.94287169,3.203883495
9.486832981,90,0.914297208,3.106796117
9.486832981,90,0.941194187,3.106796117
9.486832981,90,0.921055734,3.398058252
9.486832981,90,0.914287752,3.106796117
9.486832981,90,0.972989803,3.495145631
9.486832981,90,0.94287169,3.203883495
10.95445115,120,0.914297208,3.106796117
10.95445115,120,0.941194187,3.106796117
10.95445115,120,0.942859244,3.203883495
10.95445115,120,0.972989803,3.495145631
10.95445115,120,0.94287169,3.203883495
12.24744871,150,0.942868996,3.203883495
12.24744871,150,0.941194187,3.106796117
12.24744871,150,0.947371612,3.495145631
12.24744871,150,0.942859244,3.203883495
12.24744871,150,0.972989803,3.495145631
12.24744871,150,0.94287169,3.203883495
13.41640786,180,0.941194187,3.106796117
13.41640786,180,0.947371612,3.495145631
13.41640786,180,0.942859244,3.203883495
13.41640786,180,0.972989803,3.495145631
13.41640786,180,0.94287169,3.203883495
15.49193338,240,0.942868996,3.203883495
15.49193338,240,0.941194187,3.106796117
15.49193338,240,0.947371612,3.495145631
15.49193338,240,0.942859244,3.203883495
15.49193338,240,0.971443559,3.300970874
18.97366596,360,0.942868996,3.203883495
18.97366596,360,0.941194187,3.106796117
18.97366596,360,0.947371612,3.495145631
18.97366596,360,0.942859244,3.203883495
18.97366596,360,0.972989803,3.495145631
18.97366596,360,0.971443559,3.300970874
37.94733192,1440,1.000012572,3.398058252
37.94733192,1440,1.000018824,3.300970874
37.94733192,1440,1.000002229,3.398058252
37.94733192,1440,1.000017298,3.59223301
37.94733192,1440,1.000015429,3.398058252
1.414213562,2,0.214285714,0.618556701
1.414213562,2,0.230769231,0.618556701
1.414213562,2,0.230769236,0.618556701
1.414213562,2,0.230769231,0.618556701
1.414213562,2,0.212121212,0.721649485
1.414213562,2,0.218753418,0.721649485
2.236067977,5,0.346153846,0.927835052
2.236067977,5,0.346153854,0.927835052
2.236067977,5,0.346153846,0.927835052
2.236067977,5,0.333333333,1.134020619
2.236067977,5,0.343755371,1.134020619
3.16227766,10,0.464285714,1.340206186
3.16227766,10,0.5,1.340206186
3.16227766,10,0.500000011,1.340206186
3.16227766,10,0.461538462,1.237113402
3.16227766,10,0.531258301,1.75257732
3.872983346,15,0.571428571,1.649484536
3.872983346,15,0.615384615,1.649484536
3.872983346,15,0.615384629,1.649484536
3.872983346,15,0.615384615,1.649484536
3.872983346,15,0.545454545,1.855670103
3.872983346,15,0.562508789,1.855670103
4.472135955,20,0.678571429,1.958762887
4.472135955,20,0.692307692,1.855670103
4.472135955,20,0.692307692,1.855670103
4.472135955,20,0.636363636,2.164948454
4.472135955,20,0.656260254,2.164948454
5.477225575,30,0.821428571,2.371134021
5.477225575,30,0.846153846,2.268041237
5.477225575,30,0.846153865,2.268041237
5.477225575,30,0.846153846,2.268041237
5.477225575,30,0.787878788,2.680412371
5.477225575,30,0.812512696,2.680412371
6.708203932,45,0.923076923,2.474226804
6.708203932,45,0.961538483,2.577319588
6.708203932,45,0.923076923,2.474226804
6.708203932,45,0.909090909,3.092783505
6.708203932,45,0.937514649,3.092783505
7.745966692,60,0.928571429,2.680412371
7.745966692,60,0.961538462,2.577319588
7.745966692,60,0.961538483,2.577319588
7.745966692,60,0.961538462,2.577319588
7.745966692,60,0.968765137,3.195876289
8.660254038,75,0.964285714,2.783505155
8.660254038,75,0.961538462,2.577319588
8.660254038,75,0.961538483,2.577319588
8.660254038,75,0.961538462,2.577319588
8.660254038,75,0.939393939,3.195876289
8.660254038,75,0.968765137,3.195876289
9.486832981,90,0.964285714,2.783505155
9.486832981,90,0.961538462,2.577319588
9.486832981,90,0.961538462,2.577319588
9.486832981,90,0.939393939,3.195876289
9.486832981,90,0.968765137,3.195876289
10.95445115,120,0.964285714,2.783505155
10.95445115,120,0.961538462,2.577319588
10.95445115,120,1.000000023,2.680412371
10.95445115,120,0.961538462,2.577319588
10.95445115,120,0.848484848,2.886597938
10.95445115,120,0.968765137,3.195876289
12.24744871,150,0.961538462,2.577319588
12.24744871,150,1.000000023,2.680412371
12.24744871,150,0.961538462,2.577319588
12.24744871,150,0.939393939,3.195876289
12.24744871,150,0.968765137,3.195876289
13.41640786,180,0.964285714,2.783505155
13.41640786,180,0.961538462,2.577319588
13.41640786,180,1.000000023,2.680412371
13.41640786,180,0.961538462,2.577319588
13.41640786,180,0.968765137,3.195876289
15.49193338,240,0.964285714,2.783505155
15.49193338,240,0.961538462,2.577319588
15.49193338,240,1.000000023,2.680412371
15.49193338,240,0.961538462,2.577319588
15.49193338,240,0.96969697,3.298969072
15.49193338,240,0.968765137,3.195876289
18.97366596,360,0.964285714,2.783505155
18.97366596,360,0.961538462,2.577319588
18.97366596,360,0.961538462,2.577319588
18.97366596,360,0.96969697,3.298969072
18.97366596,360,0.968765137,3.195876289
37.94733192,1440,1,2.886597938
37.94733192,1440,1,2.680412371
37.94733192,1440,1.000000023,2.680412371
37.94733192,1440,1,2.680412371
37.94733192,1440,1,3.402061856
37.94733192,1440,1.000015625,3.298969072
1.414213562,2,0.120000077,0.333333333
1.414213562,2,0.120000031,0.333333333
1.414213562,2,0.111111114,0.333333333
1.414213562,2,0.120000016,0.333333333
1.414213562,2,0.136363636,0.333333333
2.236067977,5,0.15384645,0.444444444
2.236067977,5,0.160000102,0.444444444
2.236067977,5,0.200000051,0.555555556
2.236067977,5,0.185185189,0.555555556
2.236067977,5,0.181818182,0.444444444
3.16227766,10,0.230769675,0.666666667
3.16227766,10,0.240000154,0.666666667
3.16227766,10,0.280000072,0.777777778
3.16227766,10,0.259259265,0.777777778
3.16227766,10,0.240000032,0.666666667
3.16227766,10,0.227272727,0.555555556
3.872983346,15,0.307692899,0.888888889
3.872983346,15,0.280000179,0.777777778
3.872983346,15,0.333333341,1
3.872983346,15,0.320000042,0.888888889
3.872983346,15,0.272727273,0.666666667
4.472135955,20,0.346154512,1
4.472135955,20,0.320000205,0.888888889
4.472135955,20,0.400000102,1.111111111
4.472135955,20,0.370370379,1.111111111
4.472135955,20,0.360000048,1
4.472135955,20,0.318181818,0.777777778
5.477225575,30,0.36000023,1
5.477225575,30,0.480000123,1.333333333
5.477225575,30,0.481481492,1.444444444
5.477225575,30,0.440000058,1.222222222
5.477225575,30,0.363636364,0.888888889
6.708203932,45,0.538462574,1.555555556
6.708203932,45,0.440000282,1.222222222
6.708203932,45,0.600000154,1.666666667
6.708203932,45,0.592592606,1.777777778
6.708203932,45,0.454545455,1.111111111
7.745966692,60,0.615385799,1.777777778
7.745966692,60,0.480000307,1.333333333
7.745966692,60,0.680000174,1.888888889
7.745966692,60,0.666666681,2
7.745966692,60,0.640000084,1.777777778
7.745966692,60,0.5,1.222222222
8.660254038,75,0.692309024,2
8.660254038,75,0.520000333,1.444444444
8.660254038,75,0.740740757,2.222222222
8.660254038,75,0.720000095,2
8.660254038,75,0.545454545,1.333333333
9.486832981,90,0.769232249,2.222222222
9.486832981,90,0.600000384,1.666666667
9.486832981,90,0.840000215,2.333333333
9.486832981,90,0.814814833,2.444444444
9.486832981,90,0.7600001,2.111111111
9.486832981,90,0.590909091,1.444444444
10.95445115,120,0.64000041,1.777777778
10.95445115,120,0.920000236,2.555555556
10.95445115,120,0.888888909,2.666666667
10.95445115,120,0.840000111,2.333333333
10.95445115,120,0.681818182,1.666666667
12.24744871,150,0.923078698,2.666666667
12.24744871,150,0.720000461,2
12.24744871,150,0.960000246,2.666666667
12.24744871,150,0.925925947,2.777777778
12.24744871,150,0.772727273,1.888888889
13.41640786,180,0.923078698,2.666666667
13.41640786,180,0.760000486,2.111111111
13.41640786,180,0.960000246,2.666666667
13.41640786,180,0.962962984,2.888888889
13.41640786,180,0.920000121,2.555555556
13.41640786,180,0.818181818,2
15.49193338,240,0.923078698,2.666666667
15.49193338,240,0.880000563,2.444444444
15.49193338,240,0.962962984,2.888888889
15.49193338,240,0.920000121,2.555555556
15.49193338,240,0.909090909,2.222222222
18.97366596,360,0.961540311,2.777777778
18.97366596,360,0.920000589,2.555555556
18.97366596,360,0.960000246,2.666666667
18.97366596,360,0.962962984,2.888888889
18.97366596,360,0.960000127,2.666666667
18.97366596,360,0.954545455,2.333333333
37.94733192,1440,1.00000064,2.777777778
37.94733192,1440,1.000000256,2.777777778
37.94733192,1440,1.000000022,3
37.94733192,1440,1.000000132,2.777777778
37.94733192,1440,1,2.444444444
1.414213562,2,0.3000003,1.2
1.414213562,2,0.30000082,1.2
1.414213562,2,0.3000003,1.2
1.414213562,2,0.344827634,1.333333333
1.414213562,2,0.3125,1.333333333
2.236067977,5,0.466667133,1.866666667
2.236067977,5,0.466667942,1.866666667
2.236067977,5,0.466667133,1.866666667
2.236067977,5,0.517241451,2
2.236067977,5,0.482758617,1.866666667
2.236067977,5,0.4375,1.866666667
3.16227766,10,0.633333967,2.533333333
3.16227766,10,0.633335064,2.533333333
3.16227766,10,0.689655268,2.666666667
3.16227766,10,0.689655167,2.666666667
3.16227766,10,0.59375,2.533333333
3.872983346,15,0.8000008,3.2
3.872983346,15,0.766668762,3.066666667
3.872983346,15,0.833334167,3.333333333
3.872983346,15,0.827586321,3.2
3.872983346,15,0.827586201,3.2
3.872983346,15,0.71875,3.066666667
4.472135955,20,0.866669036,3.466666667
4.472135955,20,0.833334167,3.333333333
4.472135955,20,0.896551848,3.466666667
4.472135955,20,0.931034476,3.6
4.472135955,20,0.8125,3.466666667
5.477225575,30,0.966667633,3.866666667
5.477225575,30,0.966669309,3.866666667
5.477225575,30,0.933334267,3.733333333
5.477225575,30,0.965517375,3.733333333
5.477225575,30,0.9375,4
6.708203932,45,0.966667633,3.866666667
6.708203932,45,0.966669309,3.866666667
6.708203932,45,0.966667633,3.866666667
6.708203932,45,0.965517375,3.733333333
6.708203932,45,0.965517234,3.733333333
6.708203932,45,0.96875,4.133333333
7.745966692,60,0.966667633,3.866666667
7.745966692,60,0.966669309,3.866666667
7.745966692,60,0.965517375,3.733333333
7.745966692,60,0.965517234,3.733333333
7.745966692,60,0.96875,4.133333333
8.660254038,75,0.966667633,3.866666667
8.660254038,75,0.966669309,3.866666667
8.660254038,75,0.966667633,3.866666667
8.660254038,75,0.965517375,3.733333333
8.660254038,75,0.965517234,3.733333333
8.660254038,75,0.96875,4.133333333
9.486832981,90,0.966669309,3.866666667
9.486832981,90,0.966667633,3.866666667
9.486832981,90,0.965517375,3.733333333
9.486832981,90,0.965517234,3.733333333
9.486832981,90,0.96875,4.133333333
10.95445115,120,0.966667633,3.866666667
10.95445115,120,0.966669309,3.866666667
10.95445115,120,0.966667633,3.866666667
10.95445115,120,0.965517375,3.733333333
10.95445115,120,0.96875,4.133333333
12.24744871,150,0.966667633,3.866666667
12.24744871,150,0.966669309,3.866666667
12.24744871,150,0.966667633,3.866666667
12.24744871,150,0.965517375,3.733333333
12.24744871,150,0.965517234,3.733333333
12.24744871,150,0.96875,4.133333333
13.41640786,180,0.966667633,3.866666667
13.41640786,180,0.966669309,3.866666667
13.41640786,180,0.965517375,3.733333333
13.41640786,180,0.965517234,3.733333333
13.41640786,180,0.96875,4.133333333
15.49193338,240,1.000001,4
15.49193338,240,1.000002733,4
15.49193338,240,0.966667633,3.866666667
15.49193338,240,1.000000138,3.866666667
15.49193338,240,0.999999993,3.866666667
15.49193338,240,1,4.266666667
18.97366596,360,1.000002733,4
18.97366596,360,1.000001,4
18.97366596,360,1.000000138,3.866666667
18.97366596,360,0.999999993,3.866666667
18.97366596,360,1,4.266666667
37.94733192,1440,1.000001,4
37.94733192,1440,1.000002733,4
37.94733192,1440,1.000001,4
37.94733192,1440,1.000000138,3.866666667
37.94733192,1440,1,4.266666667
1.414213562,2,0.44000044,0.975609756
1.414213562,2,0.538461953,1.707317073
1.414213562,2,0.440000014,1.219512195
1.414213562,2,0.636363636,1.707317073
1.414213562,2,0.444444436,1.219512195
1.414213562,2,0.479999996,1.463414634
2.236067977,5,0.56000056,1.341463415
2.236067977,5,0.730769793,2.317073171
2.236067977,5,0.909090908,2.43902439
2.236067977,5,0.629629617,1.829268293
2.236067977,5,0.759999994,2.317073171
3.16227766,10,0.72000072,1.829268293
3.16227766,10,0.961539201,3.048780488
3.16227766,10,0.880000028,2.56097561
3.16227766,10,0.999999999,2.682926829
3.16227766,10,0.851851835,2.56097561
3.16227766,10,0.959999992,2.926829268
3.872983346,15,0.961539201,3.048780488
3.872983346,15,0.960000031,2.804878049
3.872983346,15,0.999999999,2.682926829
3.872983346,15,0.962962944,2.926829268
3.872983346,15,0.999999992,3.048780488
4.472135955,20,0.96000096,2.56097561
4.472135955,20,0.961539201,3.048780488
4.472135955,20,0.960000031,2.804878049
4.472135955,20,0.999999999,2.682926829
4.472135955,20,0.999999992,3.048780488
5.477225575,30,1.000001,2.682926829
5.477225575,30,0.961539201,3.048780488
5.477225575,30,1.000000032,2.926829268
5.477225575,30,0.999999999,2.682926829
5.477225575,30,0.962962944,2.926829268
5.477225575,30,0.999999992,3.048780488
6.708203932,45,1.000001,2.682926829
6.708203932,45,0.961539201,3.048780488
6.708203932,45,0.999999999,2.682926829
6.708203932,45,0.962962944,2.926829268
6.708203932,45,0.999999992,3.048780488
7.745966692,60,1.000001,2.682926829
7.745966692,60,0.961539201,3.048780488
7.745966692,60,1.000000032,2.926829268
7.745966692,60,0.999999999,2.682926829
7.745966692,60,0.962962944,2.926829268
7.745966692,60,0.999999992,3.048780488
8.660254038,75,0.961539201,3.048780488
8.660254038,75,1.000000032,2.926829268
8.660254038,75,0.999999999,2.682926829
8.660254038,75,0.962962944,2.926829268
8.660254038,75,0.999999992,3.048780488
9.486832981,90,1.000001,2.682926829
9.486832981,90,0.961539201,3.048780488
9.486832981,90,1.000000032,2.926829268
9.486832981,90,0.999999999,2.682926829
9.486832981,90,0.999999992,3.048780488
10.95445115,120,1.000001,2.682926829
10.95445115,120,1.000000769,3.170731707
10.95445115,120,1.000000032,2.926829268
10.95445115,120,0.999999999,2.682926829
10.95445115,120,0.962962944,2.926829268
10.95445115,120,0.999999992,3.048780488
12.24744871,150,1.000001,2.682926829
12.24744871,150,1.000000769,3.170731707
12.24744871,150,0.999999999,2.682926829
12.24744871,150,0.962962944,2.926829268
12.24744871,150,0.999999992,3.048780488
13.41640786,180,1.000001,2.682926829
13.41640786,180,1.000000769,3.170731707
13.41640786,180,1.000000032,2.926829268
13.41640786,180,0.999999999,2.682926829
13.41640786,180,0.962962944,2.926829268
13.41640786,180,0.999999992,3.048780488
15.49193338,240,1.000000769,3.170731707
15.49193338,240,1.000000032,2.926829268
15.49193338,240,0.999999999,2.682926829
15.49193338,240,0.99999998,3.048780488
15.49193338,240,0.999999992,3.048780488
18.97366596,360,1.000001,2.682926829
18.97366596,360,1.000000769,3.170731707
18.97366596,360,1.000000032,2.926829268
18.97366596,360,0.999999999,2.682926829
18.97366596,360,0.999999992,3.048780488
37.94733192,1440,1.000001,2.682926829
37.94733192,1440,1.000000769,3.170731707
37.94733192,1440,1.000000032,2.926829268
37.94733192,1440,0.999999999,2.682926829
37.94733192,1440,0.99999998,3.048780488
37.94733192,1440,0.999999992,3.048780488
1.414213562,2,0,0.340909091
1.414213562,2,0.038461568,0.454545455
1.414213562,2,0,0.340909091
1.414213562,2,0.035715306,0.568181818
1.414213562,2,0.074074321,0.681818182
2.236067977,5,0.076923075,0.568181818
2.236067977,5,0.153846272,0.795454545
2.236067977,5,0.307692314,1.704545455
2.236067977,5,0.071429821,0.568181818
2.236067977,5,0.071430612,0.681818182
2.236067977,5,0.185185802,1.022727273
3.16227766,10,0.269230976,1.136363636
3.16227766,10,0.46153847,2.159090909
3.16227766,10,0.142859643,0.795454545
3.16227766,10,0.142861225,0.909090909
3.16227766,10,0.296297284,1.363636364
3.872983346,15,0.192307689,0.909090909
3.872983346,15,0.38461568,1.477272727
3.872983346,15,0.615384627,2.613636364
3.872983346,15,0.178574554,0.909090909
3.872983346,15,0.407408765,1.704545455
4.472135955,20,0.269230764,1.136363636
4.472135955,20,0.461538817,1.704545455
4.472135955,20,0.692307706,2.840909091
4.472135955,20,0.214289464,1.022727273
4.472135955,20,0.250007143,1.25
4.472135955,20,0.481483086,1.931818182
5.477225575,30,0.346153839,1.363636364
5.477225575,30,0.576923521,2.045454545
5.477225575,30,0.285719286,1.25
5.477225575,30,0.357153062,1.590909091
5.477225575,30,0.666668889,2.5
6.708203932,45,0.49999999,1.818181818
6.708203932,45,0.769231361,2.613636364
6.708203932,45,0.884615402,3.409090909
6.708203932,45,0.392864018,1.590909091
6.708203932,45,0.46429898,1.931818182
6.708203932,45,0.77778037,2.840909091
7.745966692,60,0.846154497,2.840909091
7.745966692,60,0.884615402,3.409090909
7.745966692,60,0.50000875,1.931818182
7.745966692,60,0.571444898,2.272727273
7.745966692,60,0.851854691,3.068181818
8.660254038,75,0.692307679,2.386363636
8.660254038,75,0.884616065,2.954545455
8.660254038,75,0.884615402,3.409090909
8.660254038,75,0.571438572,2.159090909
8.660254038,75,0.888891852,3.181818182
9.486832981,90,0.807692292,2.727272727
9.486832981,90,0.884616065,2.954545455
9.486832981,90,0.884615402,3.409090909
9.486832981,90,0.642868393,2.386363636
9.486832981,90,0.750021429,2.840909091
9.486832981,90,0.925929012,3.295454545
10.95445115,120,0.884615368,2.954545455
10.95445115,120,0.923077633,3.068181818
10.95445115,120,0.785728036,2.840909091
10.95445115,120,0.892882654,3.295454545
10.95445115,120,0.925929012,3.295454545
12.24744871,150,0.923076905,3.068181818
12.24744871,150,0.923077633,3.068181818
12.24744871,150,0.923076941,3.522727273
12.24744871,150,0.857157857,3.068181818
12.24744871,150,0.892882654,3.295454545
12.24744871,150,0.925929012,3.295454545
13.41640786,180,0.923077633,3.068181818
13.41640786,180,0.923076941,3.522727273
13.41640786,180,0.892872768,3.181818182
13.41640786,180,0.92859796,3.409090909
13.41640786,180,0.925929012,3.295454545
15.49193338,240,0.923076905,3.068181818
15.49193338,240,0.923077633,3.068181818
15.49193338,240,0.923076941,3.522727273
15.49193338,240,0.928587679,3.295454545
15.49193338,240,0.925929012,3.295454545
18.97366596,360,0.961538443,3.181818182
18.97366596,360,0.923077633,3.068181818
18.97366596,360,0.923076941,3.522727273
18.97366596,360,0.96430259,3.409090909
18.97366596,360,0.92859796,3.409090909
18.97366596,360,0.962966173,3.409090909
37.94733192,1440,0.999999981,3.295454545
37.94733192,1440,1.000000769,3.295454545
37.94733192,1440,1.0000175,3.522727273
37.94733192,1440,1.000028572,3.636363636
37.94733192,1440,1.000003333,3.522727273
1.414213562,2,0.666668283,2.682926829
1.414213562,2,0.687514395,2.68
1.414213562,2,0.718754492,2.8
1.414213562,2,0.848505418,3.41
1.414213562,2,0.6,2.2
1.414213562,2,0.64516129,2.44
2.236067977,5,0.937519629,3.66
2.236067977,5,0.937505859,3.66
2.236067977,5,0.939416713,3.78
2.236067977,5,0.933333333,3.41
2.236067977,5,0.935483871,3.54
3.16227766,10,0.939396217,3.780487805
3.16227766,10,0.937519629,3.66
3.16227766,10,0.937505859,3.66
3.16227766,10,0.909112948,3.66
3.16227766,10,0.935483871,3.54
3.872983346,15,0.939396217,3.780487805
3.872983346,15,0.937519629,3.66
3.872983346,15,0.937505859,3.66
3.872983346,15,0.939416713,3.78
3.872983346,15,0.933333333,3.41
3.872983346,15,0.935483871,3.54
4.472135955,20,0.939396217,3.780487805
4.472135955,20,0.937519629,3.66
4.472135955,20,0.939416713,3.78
4.472135955,20,0.933333333,3.41
4.472135955,20,0.935483871,3.54
5.477225575,30,0.939396217,3.780487805
5.477225575,30,0.937519629,3.66
5.477225575,30,0.968756055,3.78
5.477225575,30,0.939416713,3.78
5.477225575,30,0.933333333,3.41
5.477225575,30,0.935483871,3.54
6.708203932,45,0.937519629,3.66
6.708203932,45,0.968756055,3.78
6.708203932,45,0.939416713,3.78
6.708203932,45,0.933333333,3.41
6.708203932,45,0.935483871,3.54
7.745966692,60,0.939396217,3.780487805
7.745966692,60,0.937519629,3.66
7.745966692,60,0.968756055,3.78
7.745966692,60,0.939416713,3.78
7.745966692,60,0.935483871,3.54
8.660254038,75,0.939396217,3.780487805
8.660254038,75,0.937519629,3.66
8.660254038,75,0.968756055,3.78
8.660254038,75,0.939416713,3.78
8.660254038,75,1,3.66
8.660254038,75,0.967741935,3.66
9.486832981,90,0.939396217,3.780487805
9.486832981,90,0.968770284,3.78
9.486832981,90,0.969720478,3.9
9.486832981,90,1,3.66
9.486832981,90,0.967741935,3.66
10.95445115,120,0.939396217,3.780487805
10.95445115,120,0.968770284,3.78
10.95445115,120,0.968756055,3.78
10.95445115,120,0.969720478,3.9
10.95445115,120,1,3.66
10.95445115,120,0.967741935,3.66
12.24744871,150,0.968770284,3.78
12.24744871,150,0.968756055,3.78
12.24744871,150,0.969720478,3.9
12.24744871,150,1,3.66
12.24744871,150,1,3.78
13.41640786,180,0.939396217,3.780487805
13.41640786,180,0.968770284,3.78
13.41640786,180,0.968756055,3.78
13.41640786,180,0.969720478,3.9
13.41640786,180,1,3.78
15.49193338,240,0.96969932,3.902439024
15.49193338,240,0.968770284,3.78
15.49193338,240,0.968756055,3.78
15.49193338,240,0.969720478,3.9
15.49193338,240,1,3.66
15.49193338,240,1,3.78
18.97366596,360,0.96969932,3.902439024
18.97366596,360,0.968770284,3.78
18.97366596,360,0.969720478,3.9
18.97366596,360,1,3.66
18.97366596,360,1,3.78
37.94733192,1440,1.000002424,4.024390244
37.94733192,1440,1.000020938,3.9
37.94733192,1440,1.00000625,3.9
37.94733192,1440,1.000024243,4.02
37.94733192,1440,1,3.66
37.94733192,1440,1,3.78
1.414213562,2,0.392858265,1.428571429
1.414213562,2,0.379336506,1.428571429
1.414213562,2,0.400040004,1.510850962
1.414213562,2,0.440154935,1.428571429
1.414213562,2,0.481481453,1.688311688
2.236067977,5,0.555555514,1.948051948
2.236067977,5,0.607144592,2.207792208
2.236067977,5,0.586247327,2.207792208
2.236067977,5,0.600060006,1.951563261
2.236067977,5,0.629629592,2.207792208
3.16227766,10,0.77777772,2.727272727
3.16227766,10,0.821430918,2.987012987
3.16227766,10,0.758673012,2.857142857
3.16227766,10,0.760076008,2.668380363
3.16227766,10,0.640225359,2.077922078
3.16227766,10,0.888888836,3.116883117
3.872983346,15,0.925925857,3.246753247
3.872983346,15,0.928574082,3.376623377
3.872983346,15,0.920092009,2.995692781
3.872983346,15,0.720253529,2.337662338
3.872983346,15,0.962962906,3.376623377
4.472135955,20,0.925925857,3.246753247
4.472135955,20,0.964288469,3.506493506
4.472135955,20,0.931098696,3.506493506
4.472135955,20,0.96009601,3.033134543
4.472135955,20,0.760267614,2.467532468
4.472135955,20,0.962962906,3.376623377
5.477225575,30,0.964288469,3.506493506
5.477225575,30,0.931098696,3.506493506
5.477225575,30,1.00010001,3.240182604
5.477225575,30,0.920323954,2.987012987
5.477225575,30,0.962962906,3.376623377
6.708203932,45,0.962962892,3.376623377
6.708203932,45,0.964288469,3.506493506
6.708203932,45,0.931098696,3.506493506
6.708203932,45,1.00010001,3.328913226
6.708203932,45,0.962962906,3.376623377
7.745966692,60,0.962962892,3.376623377
7.745966692,60,0.964288469,3.506493506
7.745966692,60,0.965583833,3.636363636
7.745966692,60,1.00010001,3.301046392
7.745966692,60,0.960338039,3.116883117
7.745966692,60,0.962962906,3.376623377
8.660254038,75,0.962962892,3.376623377
8.660254038,75,0.964288469,3.506493506
8.660254038,75,1.00010001,3.297311876
8.660254038,75,0.960338039,3.116883117
8.660254038,75,0.962962906,3.376623377
9.486832981,90,0.962962892,3.376623377
9.486832981,90,1.000002857,3.636363636
9.486832981,90,1.00006897,3.766233766
9.486832981,90,1.00010001,3.379406519
9.486832981,90,1.000352124,3.246753247
9.486832981,90,0.962962906,3.376623377
10.95445115,120,1.000002857,3.636363636
10.95445115,120,1.00006897,3.766233766
10.95445115,120,1.00010001,3.413945689
10.95445115,120,1.000352124,3.246753247
10.95445115,120,0.962962906,3.376623377
12.24744871,150,0.999999926,3.506493506
12.24744871,150,1.000002857,3.636363636
12.24744871,150,1.00006897,3.766233766
12.24744871,150,1.00010001,3.460885851
12.24744871,150,0.999999941,3.506493506
13.41640786,180,0.999999926,3.506493506
13.41640786,180,1.000002857,3.636363636
13.41640786,180,1.00006897,3.766233766
13.41640786,180,1.00010001,3.465317395
13.41640786,180,1.000352124,3.246753247
13.41640786,180,0.999999941,3.506493506
15.49193338,240,0.999999926,3.506493506
15.49193338,240,1.000002857,3.636363636
15.49193338,240,1.00010001,3.427878889
15.49193338,240,1.000352124,3.246753247
15.49193338,240,0.999999941,3.506493506
18.97366596,360,0.999999926,3.506493506
18.97366596,360,1.000002857,3.636363636
18.97366596,360,1.00006897,3.766233766
18.97366596,360,1.00010001,3.450980933
18.97366596,360,1.000352124,3.246753247
18.97366596,360,0.999999941,3.506493506
37.94733192,1440,1.000002857,3.636363636
37.94733192,1440,1.00006897,3.766233766
37.94733192,1440,1.00010001,3.431534014
37.94733192,1440,1.000352124,3.246753247
37.94733192,1440,0.999999941,3.506493506
1.414213562,2,0.291669097,0.886075949
1.414213562,2,0.320020481,1.012658228
1.414213562,2,0.20000128,0.632911392
1.414213562,2,0.230858022,0.759493671
1.414213562,2,0.359999934,1.139240506
2.236067977,5,0.375003125,1.139240506
2.236067977,5,0.400025602,1.265822785
2.236067977,5,0.360002304,1.139240506
2.236067977,5,0.346287033,1.139240506
2.236067977,5,0.480000115,1.518987342
2.236067977,5,0.399999926,1.265822785
3.16227766,10,0.500004167,1.518987342
3.16227766,10,0.520033282,1.64556962
3.16227766,10,0.500192382,1.64556962
3.16227766,10,0.640000154,2.025316456
3.16227766,10,0.559999897,1.772151899
3.872983346,15,0.583338194,1.772151899
3.872983346,15,0.600038402,1.898734177
3.872983346,15,0.640004096,2.025316456
3.872983346,15,0.615621393,2.025316456
3.872983346,15,0.800000192,2.53164557
3.872983346,15,0.719999868,2.278481013
4.472135955,20,0.640040963,2.025316456
4.472135955,20,0.720004608,2.278481013
4.472135955,20,0.692574067,2.278481013
4.472135955,20,0.840000202,2.658227848
4.472135955,20,0.75999986,2.405063291
5.477225575,30,0.791673264,2.405063291
5.477225575,30,0.680043523,2.151898734
5.477225575,30,0.880005632,2.784810127
5.477225575,30,0.808003078,2.658227848
5.477225575,30,0.879999838,2.784810127
6.708203932,45,0.916674306,2.784810127
6.708203932,45,0.760048643,2.405063291
6.708203932,45,0.920005888,2.911392405
6.708203932,45,0.884955752,2.911392405
6.708203932,45,0.96000023,3.037974684
6.708203932,45,0.919999831,2.911392405
7.745966692,60,0.95834132,2.911392405
7.745966692,60,0.760048643,2.405063291
7.745966692,60,0.923432089,3.037974684
7.745966692,60,0.96000023,3.037974684
7.745966692,60,0.919999831,2.911392405
8.660254038,75,0.95834132,2.911392405
8.660254038,75,0.840053763,2.658227848
8.660254038,75,0.920005888,2.911392405
8.660254038,75,0.923432089,3.037974684
8.660254038,75,0.96000023,3.037974684
8.660254038,75,0.919999831,2.911392405
9.486832981,90,0.920058884,2.911392405
9.486832981,90,0.920005888,2.911392405
9.486832981,90,0.923432089,3.037974684
9.486832981,90,0.96000023,3.037974684
9.486832981,90,0.919999831,2.911392405
10.95445115,120,0.95834132,2.911392405
10.95445115,120,0.920058884,2.911392405
10.95445115,120,0.960006144,3.037974684
10.95445115,120,0.961908426,3.164556962
10.95445115,120,0.919999831,2.911392405
12.24744871,150,0.95834132,2.911392405
12.24744871,150,0.960061444,3.037974684
12.24744871,150,0.960006144,3.037974684
12.24744871,150,0.961908426,3.164556962
12.24744871,150,0.96000023,3.037974684
12.24744871,150,0.919999831,2.911392405
13.41640786,180,0.95834132,2.911392405
13.41640786,180,0.960061444,3.037974684
13.41640786,180,0.961908426,3.164556962
13.41640786,180,0.96000023,3.037974684
13.41640786,180,0.959999823,3.037974684
15.49193338,240,0.95834132,2.911392405
15.49193338,240,0.960061444,3.037974684
15.49193338,240,0.960006144,3.037974684
15.49193338,240,1.000384763,3.291139241
15.49193338,240,0.96000023,3.037974684
15.49193338,240,0.959999823,3.037974684
18.97366596,360,1.000064004,3.164556962
18.97366596,360,1.0000064,3.164556962
18.97366596,360,1.000384763,3.291139241
18.97366596,360,1.00000024,3.164556962
18.97366596,360,0.959999823,3.037974684
37.94733192,1440,1.000008333,3.037974684
37.94733192,1440,1.000064004,3.164556962
37.94733192,1440,1.0000064,3.164556962
37.94733192,1440,1.000384763,3.291139241
37.94733192,1440,0.999999816,3.164556962